2;Charles Richard;Kelly;1996-03-13;charlie_kelly96@yahoo.com;Strada Bihor;Romania;Brasov;Brasov
3;Donald;Castaneda;1998-07-04;donald_castaneda98@domain.com;Strada Economu Cezarescu 42;Romania;Cluj;Cluj-Napoca
7;Mike-Abraham;Dotson;1989-09-05;mike_dotson89@bomukic.com;Piata Romana 6;Romania;Mures;Targu Mures
9;Robert;O'Gallagher;1994-12-06;robertino94@gmailni.com;Aleea Istru Nr. 5, Bl P4, Ap31, Sector 6;Romania;Botosani;Botosani
11;Cristian;Pop;2015-10-25;cristian_pop@domain.com;Tulcea 9;Romania;Cluj;Cluj-Napoca
